{
  "lora_25_out_domain": {
    "dice_mean": 0.5480832419395447,
    "dice_std": 0.03252908776913898,
    "iou_mean": 0.404706454873085,
    "iou_std": 0.031241598215711253,
    "num_seeds": 5
  },
  "lora_50_out_domain": {
    "dice_mean": 0.5223559095859528,
    "dice_std": 0.07234997007557939,
    "iou_mean": 0.37731807136535644,
    "iou_std": 0.06677273231269037,
    "num_seeds": 5
  },
  "lora_75_out_domain": {
    "dice_mean": 0.5505256071090698,
    "dice_std": 0.018044769447074,
    "iou_mean": 0.404687910079956,
    "iou_std": 0.013624142877483434,
    "num_seeds": 5
  },
  "lora_100_out_domain": {
    "dice_mean": 0.5438188638687134,
    "dice_std": 0.03505749309015839,
    "iou_mean": 0.39797263193130494,
    "iou_std": 0.03392617492106694,
    "num_seeds": 5
  }
}