{
  "lora_25_out_domain": {
    "dice_mean": 0.6381683259010316,
    "dice_std": 0.019510116558532554,
    "iou_mean": 0.49093791913986207,
    "iou_std": 0.02088143162845398,
    "num_seeds": 5
  },
  "lora_50_out_domain": {
    "dice_mean": 0.6065547940731049,
    "dice_std": 0.07145178122446619,
    "iou_mean": 0.4598405373096465,
    "iou_std": 0.0700073307225559,
    "num_seeds": 5
  },
  "lora_75_out_domain": {
    "dice_mean": 0.6570387468338013,
    "dice_std": 0.008844228368108128,
    "iou_mean": 0.5100580739974976,
    "iou_std": 0.009526993359006303,
    "num_seeds": 5
  },
  "lora_100_out_domain": {
    "dice_mean": 0.6559063384532929,
    "dice_std": 0.015975295222327164,
    "iou_mean": 0.5095424530506134,
    "iou_std": 0.01734475959148621,
    "num_seeds": 5
  }
}