{
  "lora_25_out_domain": {
    "dice_mean": 0.23489798295497896,
    "dice_std": 0.02458591877159515,
    "iou_mean": 0.14503982019424438,
    "iou_std": 0.015044925613669529,
    "num_seeds": 5
  },
  "lora_50_out_domain": {
    "dice_mean": 0.2685190932750702,
    "dice_std": 0.057245033316377585,
    "iou_mean": 0.1754812161922455,
    "iou_std": 0.038319665898766175,
    "num_seeds": 5
  },
  "lora_75_out_domain": {
    "dice_mean": 0.28643625950813295,
    "dice_std": 0.016536541794310754,
    "iou_mean": 0.1843808305263519,
    "iou_std": 0.013309540367286909,
    "num_seeds": 5
  },
  "lora_100_out_domain": {
    "dice_mean": 0.26926658749580384,
    "dice_std": 0.08787092315557644,
    "iou_mean": 0.17553397154808043,
    "iou_std": 0.0529674664154815,
    "num_seeds": 5
  }
}