{
  "lora_25_out_domain": {
    "dice_mean": 0.5431393523216247,
    "dice_std": 0.03803199036074177,
    "iou_mean": 0.4025575411319733,
    "iou_std": 0.03667560491617791,
    "num_seeds": 5
  },
  "lora_50_out_domain": {
    "dice_mean": 0.4882244625091553,
    "dice_std": 0.09267779775097407,
    "iou_mean": 0.35033473587036135,
    "iou_std": 0.08392362127290555,
    "num_seeds": 5
  },
  "lora_75_out_domain": {
    "dice_mean": 0.49943510937690744,
    "dice_std": 0.0159180404869264,
    "iou_mean": 0.3580220994949341,
    "iou_std": 0.014524969536471337,
    "num_seeds": 5
  },
  "lora_100_out_domain": {
    "dice_mean": 0.5064485218524932,
    "dice_std": 0.03547103853482523,
    "iou_mean": 0.36214025449752807,
    "iou_std": 0.03260837897433195,
    "num_seeds": 5
  }
}