{
  "serial_lora_25_out_domain": {
    "dice_mean": 0.2765388107299805,
    "dice_std": 0.029586197498264875,
    "iou_mean": 0.16928467667102814,
    "iou_std": 0.018833348933109326,
    "num_seeds": 5
  },
  "serial_lora_50_out_domain": {
    "dice_mean": 0.2700873657464981,
    "dice_std": 0.035205092253405984,
    "iou_mean": 0.16751829361915588,
    "iou_std": 0.023449289951592744,
    "num_seeds": 5
  },
  "serial_lora_75_out_domain": {
    "dice_mean": 0.2870966968536377,
    "dice_std": 0.06389020331473783,
    "iou_mean": 0.18133727371692657,
    "iou_std": 0.048633800676322496,
    "num_seeds": 5
  },
  "serial_lora_100_out_domain": {
    "dice_mean": 0.2981011798381806,
    "dice_std": 0.03887903015456093,
    "iou_mean": 0.18636853671073914,
    "iou_std": 0.02647361758949986,
    "num_seeds": 5
  }
}